frequency,intensity
0.1,9.184535
0.11,9.647441
0.12,8.99755
0.13,9.227158
0.14,9.308049
0.15,8.533232
0.16,9.665523
0.17,9.466485
0.18,10.350048
0.19,14.909339
0.2,26.521585
0.21,43.654995
0.22,51.647311
0.23,43.318406
0.24,26.311392
0.25,13.984501
0.26,10.910307
0.27,10.347198
0.28,9.719513
0.29,9.727248
0.3,9.856874
0.31,7.862079
0.32,9.338678
0.33,9.192144
0.34,10.387601
0.35,8.990704
0.36,9.53457
0.37,10.059921
0.38,9.322283
0.39,8.633734
0.4,9.392948
0.41,8.207296
0.42,7.404734
0.43,9.162308
0.44,8.663862
0.45,10.02544
0.46,9.977636
0.47,8.040193
0.48,10.327852
0.49,8.626863
0.5,8.7942
0.51,8.962823
0.52,9.693676
0.53,10.191275
0.54,9.561246
0.55,9.614585
0.56,9.851973
0.57,9.982895
0.58,8.90936
0.59,9.191479
0.6,8.784513
0.61,9.470968
0.62,9.414929
0.63,11.129594
0.64,8.872903
0.65,8.941851
0.66,10.122306
0.67,10.860827
0.68,10.607339
0.69,10.953564
0.7,11.89406
0.71,11.160695
0.72,11.048742
0.73,12.052259
0.74,14.976301
0.75,14.501394
0.76,16.811323
0.77,17.310769
0.78,18.24359
0.79,19.468231
0.8,19.192551
0.81,20.955678
0.82,19.375346
0.83,16.935131
0.84,16.400886
0.85,15.421529
0.86,14.484586
0.87,13.056808
0.88,12.591002
0.89,12.407953
0.9,9.836664
0.91,9.743819
0.92,8.800357
0.93,9.377856
0.94,8.816401
0.95,9.524082
0.96,9.867006
0.97,9.731777
0.98,9.388153
0.99,9.666889
1,10.281514
1.01,10.313772
1.02,9.682637
1.03,8.823394
1.04,10.319759
1.05,9.771078
1.06,9.787453
1.07,9.193571
1.08,10.926006
1.09,9.188309
1.1,10.306458
1.11,9.529541
1.12,10.063089
1.13,8.6314
1.14,9.431018
1.15,10.44688
1.16,9.828989
1.17,10.196305
1.18,8.101655
1.19,9.96774
1.2,9.328463
1.21,9.413729
1.22,9.211679
1.23,9.357414
1.24,9.677277
1.25,8.681332
1.26,8.734011
1.27,10.200349
1.28,8.939278
1.29,8.8947
1.3,9.762453
1.31,8.615665
1.32,9.911212
1.33,8.304746
1.34,9.905185
1.35,9.810833
1.36,10.973969
1.37,9.348849
1.38,10.003573
1.39,8.360753
1.4,9.285502
1.41,9.813207
1.42,10.571242
1.43,8.531815
1.44,10.29493
1.45,9.813998
1.46,10.787397
1.47,10.083924
1.48,9.371021
1.49,9.00456
1.5,8.577779
1.51,9.294591
1.52,8.857404
1.53,10.72043
1.54,8.841044
1.55,9.785374
1.56,8.193092
1.57,9.170438
1.58,9.628601
1.59,9.788636
1.6,10.399058
1.61,9.147202
1.62,8.540707
1.63,9.943685
1.64,9.85537
1.65,9.718277
1.66,8.703064
1.67,10.351777
1.68,10.072878
1.69,9.185542
1.7,10.553573
1.71,9.864789
1.72,9.927164
1.73,11.161595
1.74,9.248236
1.75,9.74668
1.76,9.293976
1.77,10.290821
1.78,9.674791
1.79,9.716194
1.8,10.264639
1.81,8.913023
1.82,7.963825
1.83,9.605978
1.84,9.219595
1.85,9.425214
1.86,10.048396
1.87,10.234942
1.88,8.377059
1.89,9.104529
1.9,8.578754
1.91,8.328233
1.92,9.306669
1.93,9.490681
1.94,8.476188
1.95,9.323362
1.96,9.814451
1.97,8.914227
1.98,9.880707
1.99,10.320685
2,9.058349
2.05,9.287145
2.1,9.151023
2.15,11.588833
2.2,8.139564
2.25,9.964044
2.3,9.26347
2.35,9.352766
2.4,10.61133
2.45,9.251012
2.5,10.729435
2.55,8.526218
2.6,10.177673
2.65,9.085571
2.7,8.586802
2.75,9.642039
2.8,9.465775
2.85,9.132994
2.9,7.919852
2.95,11.211474
3,9.510442
3.05,10.718244
3.1,9.107784
3.15,9.607768
3.2,11.426472
3.25,9.387086
3.3,8.435379
3.35,9.086488
3.4,9.971285
3.45,9.930922
3.5,9.930849
3.55,9.889109
3.6,8.412193
3.65,9.747339
3.7,10.442339
3.75,9.50473
3.8,8.687435
3.85,9.409344
3.9,10.132095
3.95,10.863295
4,9.197319
4.05,9.81928
4.1,8.465727
4.15,8.872499
4.2,9.256022
4.25,10.037005
4.3,9.991107
4.35,9.527225
4.4,9.270667
4.45,9.090643
4.5,8.788012
4.55,10.025708
4.6,7.762472
4.65,9.132628
4.7,10.043905
4.75,10.246465
4.8,8.973837
4.85,10.067977
4.9,9.34638
4.95,9.49725
5,8.872908
5.05,10.238488
5.1,10.21079
5.15,9.806066
5.2,11.780143
5.25,9.361111
5.3,10.007061
5.35,9.566593
5.4,9.704644
5.45,11.139437
5.5,10.705179
5.55,8.507445
5.6,8.854034
5.65,9.838277
5.7,10.050738
5.75,9.021026
5.8,8.39197
5.85,8.313516
5.9,9.505443
5.95,9.196848
6,9.781116
6.05,9.135747
6.1,8.650291
6.15,7.928202
6.2,10.183375
6.25,9.535873
6.3,10.732962
6.35,10.458712
6.4,9.933604
6.45,10.204041
6.5,9.691687
6.55,8.735131
6.6,9.142986
6.65,8.746726
6.7,7.963872
6.75,9.545121
6.8,10.05539
6.85,9.69603
6.9,9.02619
6.95,9.759561
7,10.435071
7.05,9.284951
7.1,8.735279
7.15,9.161992
7.2,9.750183
7.25,8.559786
7.3,9.64804
7.35,9.307548
7.4,10.513866
7.45,10.073653
7.5,10.566722
7.55,9.003345
7.6,10.297587
7.65,8.782657
7.7,9.497653
7.75,9.294593
7.8,8.993415
7.85,10.644905
7.9,10.284385
7.95,8.539097
8,9.504182
8.05,9.636568
8.1,9.81003
8.15,9.068425
8.2,9.586931
8.25,8.401028
8.3,8.416734
8.35,9.937105
8.4,10.661788
8.45,10.972395
8.5,10.970594
8.55,8.513356
8.6,9.897691
8.65,9.146566
8.7,10.876562
8.75,10.48505
8.8,8.850538
8.85,11.151357
8.9,10.198713
8.95,8.404095
9,9.966324
9.05,9.285443
9.1,10.003629
9.15,9.482235
9.2,10.602619
9.25,8.92467
9.3,10.366736
9.35,10.965686
9.4,9.496836
9.45,10.195816
9.5,9.851577
9.55,10.09417
9.6,11.741153
9.65,12.374935
9.7,13.450943
9.75,16.729768
9.8,18.797934
9.85,20.009092
9.9,22.025889
9.95,22.891269
10,24.13328
10.05,23.127639
10.1,22.388944
10.15,19.966292
10.2,18.508211
10.25,15.734092
10.3,14.549699
10.35,12.722908
10.4,12.066107
10.45,11.649586
10.5,9.636822
10.55,9.258521
10.6,9.172358
10.65,9.776446
10.7,9.469562
10.75,10.54789
10.8,10.014855
10.85,11.250826
10.9,11.435554
10.95,9.697024
11,8.802232
11.05,9.289495
11.1,9.6399
11.15,8.902677
11.2,9.446178
11.25,9.979442
11.3,9.334577
11.35,8.869941
11.4,8.841104
11.45,11.13837
11.5,9.676174
11.55,9.482107
11.6,9.500685
11.65,10.392285
11.7,9.412061
11.75,9.990338
11.8,10.668033
11.85,10.570358
11.9,10.812921
11.95,9.11393
12,10.362338
12.05,9.335103
12.1,9.880434
12.15,10.556584
12.2,10.319453
12.25,9.953016
12.3,9.056657
12.35,10.11588
12.4,9.051322
12.45,9.568207
12.5,9.365277
12.55,9.808937
12.6,8.395444
12.65,9.643837
12.7,9.417848
12.75,8.895044
12.8,10.59679
12.85,9.813096
12.9,9.453855
12.95,9.024469
13,9.73565
13.05,8.648171
13.1,9.382454
13.15,9.20473
13.2,10.38646
13.25,10.022406
13.3,9.672774
13.35,10.826837
13.4,9.882064
13.45,9.991556
13.5,8.577765
13.55,10.629261
13.6,9.85536
13.65,10.561548
13.7,9.414922
13.75,9.536851
13.8,9.312985
13.85,9.669464
13.9,9.763259
13.95,8.241347
14,10.678267
14.05,10.029008
14.1,10.401434
14.15,11.247151
14.2,9.663004
14.25,10.150811
14.3,9.219898
14.35,11.125389
14.4,9.003042
14.45,10.251196
14.5,8.88703
14.55,7.855573
14.6,8.65637
14.65,8.826692
14.7,10.607936
14.75,8.992437
14.8,9.633143
14.85,9.077849
14.9,9.832403
14.95,9.473682
15,10.702379
15.05,8.853337
15.1,9.313506
15.15,10.006534
15.2,9.802855
15.25,10.507295
15.3,9.904083
15.35,8.702201
15.4,9.032984
15.45,9.878741
15.5,10.883065
15.55,10.711118
15.6,10.504497
15.65,10.877968
15.7,9.284293
15.75,9.650877
15.8,10.359009
15.85,10.764859
15.9,9.745117
15.95,9.68267
16,9.364579
16.05,9.95647
16.1,9.549307
16.15,10.29391
16.2,8.074071
16.25,10.942956
16.3,9.293743
16.35,9.181358
16.4,11.17005
16.45,9.192468
16.5,10.028293
16.55,10.450312
16.6,8.518001
16.65,10.817008
16.7,11.236934
16.75,9.089849
16.8,8.994398
16.85,10.418774
16.9,8.873336
16.95,9.59921
17,9.78023
17.05,9.68469
17.1,9.636021
17.15,9.718275
17.2,9.275619
17.25,10.664995
17.3,9.496176
17.35,10.217058
17.4,9.614967
17.45,9.929958
17.5,9.676037
17.55,9.835672
17.6,9.221488
17.65,10.454712
17.7,11.311389
17.75,10.210286
17.8,10.33821
17.85,9.9118
17.9,10.151949
17.95,9.29611
18,10.390513
18.05,10.882179
18.1,9.915033
18.15,9.220297
18.2,10.153301
18.25,8.941407
18.3,9.473382
18.35,10.192624
18.4,10.711334
18.45,9.723743
18.5,11.033649
18.55,10.232197
18.6,9.162086
18.65,9.079776
18.7,9.216909
18.75,8.974477
18.8,10.309758
18.85,10.189831
18.9,10.391849
18.95,9.926854
19,10.496636
19.05,10.792016
19.1,9.344613
19.15,9.365053
19.2,9.641537
19.25,9.454778
19.3,10.267764
19.35,10.855277
19.4,9.973178
19.45,10.086222
19.5,10.891805
19.55,8.136502
19.6,10.68246
19.65,10.140497
19.7,9.400905
19.75,10.801757
19.8,10.699722
19.85,10.205584
19.9,9.912787
19.95,9.580577
20,10.122147
20.05,9.67965
20.1,10.850479
20.15,10.771544
20.2,10.694712
20.25,9.262993
20.3,11.144704
20.35,11.669216
20.4,9.863603
20.45,8.933362
20.5,9.68574
20.55,10.696002
20.6,9.728673
20.65,9.825469
20.7,10.714312
20.75,8.775055
20.8,11.229815
20.85,10.365588
20.9,9.021133
20.95,9.584622
21,9.554435
21.05,9.941311
21.1,9.974753
21.15,7.827753
21.2,10.231975
21.25,10.983461
21.3,9.540942
21.35,9.871447
21.4,9.030317
21.45,10.467726
21.5,9.564556
21.55,11.142131
21.6,10.124674
21.65,10.40544
21.7,10.29874
21.75,9.885116
21.8,9.383841
21.85,10.684405
21.9,9.937297
21.95,10.29188
22,10.088419
22.05,10.557182
22.1,9.953001
22.15,11.336776
22.2,9.307179
22.25,11.31289
22.3,9.81924
22.35,9.504197
22.4,12.0149
22.45,10.529683
22.5,11.013791
22.55,10.637863
22.6,9.114515
22.65,10.211017
22.7,9.95098
22.75,9.522478
22.8,9.163583
22.85,9.772965
22.9,10.560015
22.95,10.1397
23,10.158378
23.05,9.638342
23.1,9.720254
23.15,9.916991
23.2,9.955331
23.25,10.671159
23.3,10.493974
23.35,9.500029
23.4,10.471885
23.45,10.832725
23.5,10.646417
23.55,11.313468
23.6,12.03606
23.65,12.205556
23.7,10.747429
23.75,11.720827
23.8,11.989525
23.85,13.465174
23.9,12.179256
23.95,12.967756
24,14.592291
24.05,14.20241
24.1,14.828399
24.15,15.592699
24.2,17.03064
24.25,16.949242
24.3,17.935874
24.35,18.42817
24.4,18.328788
24.45,19.554756
24.5,21.251487
24.55,20.506629
24.6,21.281277
24.65,22.13226
24.7,23.415043
24.75,22.650952
24.8,23.71676
24.85,22.703158
24.9,23.796307
24.95,24.745315
25,24.463233
25.05,24.491104
25.1,24.632903
25.15,23.695013
25.2,24.147256
25.25,22.743249
25.3,23.293965
25.35,22.630142
25.4,21.71648
25.45,21.004002
25.5,19.403632
25.55,18.642169
25.6,18.885255
25.65,18.224609
25.7,17.336009
25.75,16.101436
25.8,16.122815
25.85,15.193388
25.9,14.123464
25.95,14.749351
26,12.58147
26.05,13.899874
26.1,13.910529
26.15,13.040307
26.2,11.288735
26.25,11.805989
26.3,11.291645
26.35,9.609703
26.4,11.138691
26.45,11.834008
26.5,10.429304
26.55,10.6815
26.6,10.966973
26.65,10.806858
26.7,11.41444
26.75,11.14168
26.8,10.49534
26.85,9.870793
26.9,10.591546
26.95,11.263508
27,10.103041
27.05,9.49193
27.1,9.925387
27.15,8.700606
27.2,10.155255
27.25,9.439371
27.3,9.60145
27.35,9.383768
27.4,9.779989
27.45,10.414259
27.5,9.176056
27.55,9.264917
27.6,10.500969
27.65,10.303317
27.7,10.985753
27.75,10.118713
27.8,10.120242
27.85,9.632697
27.9,9.91025
27.95,11.140458
28,9.911509
28.05,9.562201
28.1,10.973821
28.15,10.156525
28.2,10.176271
28.25,10.496457
28.3,10.58237
28.35,9.924702
28.4,10.085908
28.45,11.0106
28.5,11.651644
28.55,11.184231
28.6,11.091179
28.65,9.801661
28.7,12.491134
28.75,9.60823
28.8,10.03417
28.85,9.9041
28.9,11.376026
28.95,10.79162
29,9.413233
29.05,10.621975
29.1,10.712809
29.15,10.080088
29.2,9.386797
29.25,9.962633
29.3,10.203035
29.35,10.841981
29.4,10.760787
29.45,10.634574
29.5,9.545954
29.55,9.549289
29.6,9.756896
29.65,11.278032
29.7,9.614021
29.75,12.066507
29.8,10.250615
29.85,9.911074
29.9,9.578459
29.95,10.599275
30,9.90266
30.5,11.67778
31,9.720034
31.5,11.490243
32,10.955081
32.5,10.403419
33,9.205339
33.5,10.386106
34,10.656054
34.5,10.716298
35,10.175042
35.5,9.967266
36,10.741671
36.5,9.72668
37,9.35919
37.5,9.815062
38,9.384953
38.5,11.065537
39,11.802832
39.5,11.948658
40,10.541719
40.5,10.105203
41,11.219238
41.5,11.394318
42,9.854336
42.5,10.773289
43,12.371188
43.5,10.162491
44,10.237573
44.5,11.026572
45,11.307199
45.5,9.894671
46,10.44227
46.5,9.829894
47,10.136368
47.5,11.943931
48,11.869815
48.5,10.843408
49,13.29153
49.5,18.724168
50,23.614034
50.5,18.357738
51,15.129596
51.5,10.586602
52,10.338984
52.5,11.763009
53,9.434991
53.5,12.008228
54,9.60452
54.5,11.022967
55,10.932642
55.5,11.29137
56,8.688834
56.5,9.461412
57,10.848323
57.5,11.140078
58,10.437038
58.5,10.384405
59,9.867398
59.5,10.688659
60,10.113979
60.5,10.468046
61,10.643993
61.5,11.780536
62,10.509308
62.5,10.658003
63,11.195855
63.5,10.033602
64,10.123681
64.5,9.706153
65,11.184416
65.5,9.828787
66,10.125882
66.5,9.732528
67,11.273459
67.5,10.310628
68,11.297384
68.5,10.793141
69,9.745953
69.5,9.834588
70,10.824413
70.5,9.79239
71,9.759614
71.5,10.632593
72,10.21767
72.5,9.816391
73,10.585067
73.5,10.954699
74,12.501585
74.5,18.782673
75,20.834198
75.5,19.77262
76,12.226206
76.5,9.586718
77,11.117986
77.5,9.630729
78,11.204511
78.5,14.158768
79,18.318567
79.5,23.737925
80,28.659572
80.5,25.017357
81,19.188437
81.5,13.502905
82,13.351587
82.5,9.347188
83,10.414201
83.5,9.616985
84,10.848897
84.5,10.704369
85,10.604875
85.5,9.758749
86,9.580144
86.5,9.124025
87,11.05967
87.5,10.648526
88,10.253059
88.5,11.995924
89,13.376493
89.5,18.744678
90,19.204568
90.5,17.291378
91,13.750869
91.5,11.228635
92,10.441359
92.5,10.329408
93,10.081774
93.5,11.60861
94,10.121709
94.5,10.441864
95,9.271864
95.5,10.445476
96,10.86778
96.5,10.010681
97,10.846263
97.5,9.751073
98,10.362212
98.5,10.768908
99,12.140288
99.5,18.023355
100,19.836495
100.5,15.841958
101,12.333991
101.5,11.454324
102,9.9848
102.5,10.542003
103,9.669953
103.5,9.935128
104,9.35727
104.5,9.107528
105,9.957535
105.5,9.123741
106,10.331366
106.5,9.67694
107,9.460178
107.5,11.004087
108,9.037748
108.5,8.249348
109,10.527205
109.5,9.162967
110,8.324065
110.5,9.60182
111,8.769245
111.5,10.7109
112,9.007832
112.5,9.395605
113,8.712098
113.5,8.518122
114,8.895279
114.5,8.360374
115,8.335611
115.5,8.534889
116,8.601745
116.5,8.039655
117,8.74505
117.5,8.469061
118,8.285298
118.5,9.312409
119,9.154647
119.5,9.097659
120,9.312307
120.5,9.903823
121,9.056099
121.5,9.078528
122,7.4093
122.5,8.902538
123,7.477242
123.5,9.430508
124,11.856168
124.5,15.131284
125,18.555358
125.5,15.550611
126,12.123291
126.5,8.090388
127,8.574539
127.5,9.134392
128,9.879533
128.5,8.486769
129,11.020952
129.5,8.92657
130,8.979917
130.5,7.367344
131,9.252394
131.5,8.685682
132,8.159317
132.5,9.852177
133,10.016876
133.5,8.86863
134,7.634723
134.5,9.217672
135,8.437334
135.5,8.155434
136,9.316987
136.5,7.367234
137,8.196296
137.5,9.110898
138,10.389833
138.5,8.976951
139,7.369136
139.5,8.365478
140,8.66426
140.5,8.875582
141,9.860141
141.5,7.949977
142,7.940023
142.5,9.139378
143,9.774631
143.5,10.116369
144,8.058868
144.5,9.210708
145,9.975378
145.5,9.801362
146,8.842992
146.5,9.099091
147,8.049586
147.5,8.053483
148,9.518274
148.5,9.218051
149,12.027312
149.5,15.218129
150,17.363655
150.5,15.984593
151,11.309478
151.5,9.798658
152,9.449931
152.5,8.71715
153,7.537521
153.5,9.044961
154,9.915626
154.5,8.240981
155,9.680196
155.5,9.311763
156,7.516156
156.5,8.333651
157,8.530358
157.5,9.529411
158,9.230901
158.5,8.822063
159,9.520058
159.5,8.078671
160,7.574951
160.5,8.407306
161,8.653289
161.5,8.984259
162,8.479844
162.5,8.415876
163,9.064592
163.5,10.028879
164,10.179901
164.5,9.152533
165,8.105581
165.5,9.177832
166,9.218885
166.5,8.284926
167,9.691635
167.5,9.774645
168,10.235427
168.5,8.916475
169,8.7474
169.5,9.3031
170,8.951999
170.5,9.152484
171,8.513952
171.5,8.408796
172,10.67554
172.5,9.674168
173,9.260174
173.5,10.069993
174,12.189267
174.5,15.703325
175,17.83367
175.5,15.278735
176,13.693479
176.5,12.12146
177,14.676269
177.5,15.61307
178,19.040232
178.5,21.413267
179,23.228771
179.5,24.404438
180,25.26389
180.5,23.586382
181,21.96564
181.5,21.071837
182,19.008573
182.5,16.580829
183,13.593787
183.5,12.396361
184,11.222857
184.5,10.038826
185,9.817728
185.5,9.702347
186,10.903529
186.5,9.540864
187,9.914312
187.5,8.655186
188,8.757968
188.5,8.362698
189,8.444275
189.5,11.081703
190,8.678911
190.5,9.514173
191,9.379697
191.5,9.441949
192,8.779178
192.5,8.100354
193,8.735502
193.5,8.377445
194,9.101634
194.5,9.013764
195,9.166806
195.5,9.552393
196,8.768087
196.5,10.440798
197,9.094152
197.5,10.23455
198,8.903941
198.5,10.818492
199,12.54225
199.5,16.268938
200,17.808379
200.5,15.943842
201,12.033905
201.5,10.280498
202,10.732457
202.5,10.512652
203,10.069809
203.5,9.568527
204,9.127429
204.5,9.237949
205,10.567369
205.5,10.140075
206,9.515787
206.5,10.599059
207,9.811197
207.5,8.592259
208,9.444973
208.5,8.266098
209,9.415718
209.5,9.479172
210,9.37118
210.5,9.715764
211,9.066003
211.5,9.768071
212,10.26225
212.5,10.779725
213,9.345948
213.5,10.750231
214,9.101461
214.5,10.207729
215,11.222232
215.5,8.601073
216,10.706359
216.5,9.2093
217,9.606167
217.5,9.919358
218,11.579059
218.5,9.714233
219,10.453325
219.5,10.960872
220,9.610804
220.5,9.391684
221,10.093489
221.5,10.083441
222,11.182463
222.5,9.567864
223,9.940679
223.5,11.858556
224,12.795119
224.5,16.212352
225,18.969495
225.5,16.336918
226,12.815609
226.5,11.790039
227,9.812769
227.5,11.281397
228,10.660917
228.5,10.174393
229,10.815991
229.5,10.368038
230,10.798035
230.5,11.601074
231,10.055612
231.5,9.832198
232,10.153451
232.5,9.62981
233,10.362689
233.5,11.598273
234,11.402736
234.5,10.558393
235,10.800347
235.5,11.148022
236,10.544808
236.5,10.411686
237,10.818265
237.5,10.602267
238,10.201399
238.5,11.387078
239,11.602554
239.5,11.303599
240,10.68593
240.5,11.163391
241,10.617729
241.5,12.075619
242,12.31253
242.5,11.140738
243,11.026942
243.5,11.898709
244,10.510291
244.5,9.84396
245,11.439723
245.5,10.44039
246,12.219581
246.5,11.531392
247,11.042832
247.5,11.433358
248,12.128687
248.5,11.124204
249,13.384566
249.5,17.043828
250,18.827011
250.5,16.75029
251,14.220161
251.5,11.452671
252,10.792551
252.5,12.060934
253,10.251954
253.5,10.356429
254,11.531377
254.5,11.324262
255,11.188186
255.5,10.613269
256,10.405014
256.5,10.78651
257,10.313098
257.5,11.592219
258,11.149963
258.5,11.552131
259,11.071778
259.5,12.135093
260,12.246392
260.5,11.894775
261,12.205993
261.5,11.261262
262,11.050601
262.5,9.980327
263,12.149364
263.5,11.027777
264,11.395059
264.5,11.985331
265,10.133774
265.5,10.467564
266,11.430789
266.5,11.21062
267,11.210998
267.5,10.782667
268,11.512508
268.5,9.485847
269,9.790014
269.5,11.977337
270,10.447896
270.5,10.552504
271,10.541497
271.5,10.135018
272,11.200026
272.5,11.05243
273,12.317065
273.5,12.092886
274,14.435876
274.5,17.60121
275,19.525391
275.5,17.280734
276,13.71277
276.5,12.689139
277,12.352001
277.5,11.782548
278,12.461271
278.5,11.675268
279,11.646644
279.5,10.467615
280,10.654033
280.5,11.453027
281,9.717749
281.5,10.903127
282,11.837808
282.5,10.215311
283,11.519121
283.5,10.649938
284,10.552484
284.5,11.322847
285,10.481538
285.5,11.184276
286,12.011607
286.5,11.758388
287,10.630421
287.5,11.437409
288,10.487076
288.5,11.430901
289,11.368973
289.5,11.396784
290,9.59924
290.5,11.251524
291,11.28954
291.5,11.424684
292,10.399252
292.5,11.678257
293,10.070387
293.5,11.19503
294,10.719216
294.5,9.820638
295,10.973835
295.5,10.468912
296,10.590488
296.5,10.60454
297,10.018027
297.5,9.890945
298,11.657839
298.5,9.934844
299,13.094095
299.5,16.905333
300,18.374716
301,13.743519
302,14.801442
303,10.115376
304,13.613303
305,11.308358
306,13.869217
307,10.454886
308,12.914394
309,11.621008
310,14.352598
311,9.925742
312,14.119297
313,9.516984
314,12.776578
315,9.05848
316,12.513097
317,9.836365
318,12.699844
319,10.286039
320,12.22261
321,10.073687
322,12.775573
323,9.863523
324,14.98467
325,17.200468
326,16.283232
327,10.383121
328,13.240862
329,10.572467
330,12.972841
331,8.840656
332,12.447252
333,9.821712
334,12.947067
335,9.249728
336,11.476106
337,9.711834
338,12.356809
339,8.281128
340,12.384678
341,9.519426
342,10.977329
343,9.273518
344,11.780115
345,9.146928
346,11.124042
347,9.624888
348,11.653512
349,11.743584
350,18.194804
351,11.983285
352,12.116144
353,8.084522
354,11.800976
355,8.578214
356,13.44582
357,8.211516
358,10.206666
359,8.920283
360,10.857799
361,9.534521
362,12.57296
363,9.159865
364,11.661332
365,8.871271
366,11.322693
367,9.589981
368,11.76602
369,8.288824
370,11.938332
371,9.745236
372,11.402315
373,8.474815
374,13.848735
375,15.032295
376,14.956761
377,8.768602
378,9.579652
379,8.842615
380,9.02304
381,9.69423
382,8.988468
383,8.852553
384,9.365458
385,9.910965
386,9.105332
387,11.250372
388,8.996083
389,9.204376
390,10.696765
391,8.777102
392,8.721529
393,8.690952
394,9.818345
395,9.659297
396,9.42146
397,8.679872
398,10.184088
399,12.62777
400,16.522475
401,12.931555
402,10.405332
403,9.82045
404,10.40808
405,8.987706
406,9.133589
407,8.865097
408,10.244684
409,9.91798
410,9.36681
411,9.537867
412,9.212764
413,10.573393
414,9.260558
415,10.353836
416,10.625321
417,9.166161
418,10.497643
419,10.26722
420,10.362826
421,10.6548
422,9.17446
423,10.003805
424,12.817598
425,17.897539
426,12.733343
427,9.873933
428,10.154654
429,9.646812
430,10.022151
431,9.617772
432,10.896003
433,10.529489
434,10.098121
435,11.294951
436,9.060448
437,9.174594
438,11.161696
439,10.496036
440,10.90858
441,9.874676
442,10.094625
443,9.537776
444,10.592446
445,9.983401
446,10.961368
447,11.667623
448,9.665019
449,13.371765
450,18.347122
451,14.715818
452,9.897558
453,11.104816
454,10.435257
455,9.88531
456,12.550405
457,11.252248
458,10.804621
459,11.445316
460,11.320321
461,11.245077
462,13.033729
463,11.274633
464,9.796437
465,11.337403
466,11.64545
467,12.426957
468,12.826982
469,12.678239
470,13.37551
471,15.504788
472,15.741737
473,17.531216
474,21.531616
475,25.917607
476,24.56998
477,20.650583
478,23.001845
479,22.932629
480,24.166033
481,22.995071
482,20.732714
483,21.289804
484,18.721556
485,18.884132
486,18.045534
487,16.472556
488,15.344224
489,13.899088
490,13.167802
491,13.171523
492,13.058987
493,12.631982
494,11.364984
495,11.808218
496,10.369515
497,11.225229
498,10.775769
499,14.051661
500,17.674895
501,13.003318
502,11.622846
503,10.928859
504,11.997312
505,10.029057
506,11.096896
507,10.799077
508,9.876768
509,10.634931
510,10.042534
511,8.864417
512,10.718752
513,11.664661
514,10.521606
515,10.459287
516,10.919485
517,10.787689
518,8.983901
519,10.19424
520,8.718495
521,9.857366
522,9.222809
523,8.185631
524,12.282071
525,17.083982
526,12.127346
527,10.485662
528,8.234405
529,10.348358
530,9.247334
531,9.843578
532,9.476817
533,9.015423
534,8.936135
535,10.003594
536,8.450434
537,9.546471
538,7.148559
539,9.733828
540,8.554849
541,10.699476
542,8.696062
543,8.850727
544,9.281166
545,8.102419
546,9.216266
547,8.254372
548,10.25857
549,12.88609
550,15.688109
551,11.085592
552,8.745046
553,9.019781
554,7.137852
555,8.508995
556,9.687916
557,8.207233
558,9.159196
559,8.193503
560,8.701273
561,7.914476
562,8.473034
563,8.797546
564,9.239452
565,9.037663
566,9.252735
567,8.698532
568,7.529127
569,9.049311
570,7.573735
571,8.157281
572,8.559752
573,8.88969
574,12.437213
575,14.416809
576,10.427249
577,8.289319
578,8.047943
579,8.425974
580,9.589241
581,7.741312
582,7.221661
583,8.294638
584,6.950547
585,9.728545
586,8.341066
587,7.68404
588,8.892236
589,9.540377
590,7.279069
591,8.807173
592,8.925587
593,8.067786
594,9.065292
595,9.246789
596,7.773042
597,8.726836
598,7.357978
599,12.783303
600,15.203861
601,10.732017
602,8.98394
603,9.31975
604,8.411598
605,8.395883
606,8.108014
607,9.412043
608,8.070599
609,8.803155
610,8.931486
611,9.101465
612,7.946593
613,8.171316
614,7.975307
615,8.262428
616,7.685921
617,8.187254
618,8.57099
619,8.771011
620,8.696458
621,8.529782
622,8.720956
623,8.242068
624,11.549894
625,15.756632
626,10.916717
627,9.913396
628,9.364671
629,10.80768
630,8.455269
631,9.457967
632,8.852508
633,8.343654
634,9.899661
635,9.96597
636,8.7044
637,10.187263
638,10.092127
639,10.265965
640,9.529245
641,10.898024
642,9.389939
643,8.34401
644,10.205122
645,9.51838
646,8.883638
647,10.538217
648,10.630396
649,13.838464
650,15.914397
651,13.432897
652,11.284372
653,10.070253
654,9.072123
655,10.453299
656,10.011452
657,11.198098
658,10.362765
659,10.638676
660,10.03503
661,10.039495
662,9.674473
663,9.332678
664,9.131456
665,9.777584
666,10.040742
667,10.113708
668,10.958096
669,9.820264
670,11.123637
671,10.108353
672,9.759254
673,11.067138
674,11.886164
675,16.573246
676,12.52836
677,9.560109
678,8.556768
679,9.676944
680,8.488519
681,11.335065
682,10.585847
683,8.96555
684,10.400444
685,11.091635
686,9.564611
687,9.93211
688,10.156683
689,9.778961
690,9.294379
691,9.828103
692,10.140788
693,12.713079
694,10.077015
695,10.187769
696,10.769399
697,10.119448
698,10.386856
699,12.678469
700,17.566261
701,13.135322
702,10.302507
703,10.548188
704,9.881106
705,10.124217
706,10.223291
707,9.869919
708,8.88747
709,10.065557
710,9.415668
711,9.036812
712,9.372706
713,10.874858
714,10.353149
715,10.91327
716,9.46977
717,9.294967
718,8.79572
719,10.55771
720,7.977233
721,9.218629
722,8.332347
723,10.91371
724,11.657276
725,16.4026
726,13.449417
727,9.086263
728,9.879108
729,8.768251
730,9.071605
731,9.045711
732,7.277115
733,9.394965
734,9.575655
735,8.748533
736,9.207892
737,10.093198
738,10.676249
739,13.013148
740,13.317197
741,14.759555
742,16.782922
743,18.120984
744,20.409211
745,22.295087
746,24.994159
747,25.430268
748,28.2851
749,31.233555
750,34.736192
751,32.142276
752,26.717355
753,26.421538
754,25.377409
755,20.872606
756,20.363889
757,17.830639
758,16.617647
759,14.69497
760,12.040679
761,12.695958
762,9.836026
763,9.76174
764,9.588255
765,9.769113
766,8.339958
767,8.175349
768,8.593722
769,7.107845
770,7.210232
771,7.149705
772,8.111853
773,7.872065
774,10.344771
775,14.109981
776,10.938983
777,9.724058
778,7.013313
779,8.053168
780,8.040968
781,8.707326
782,7.336985
783,7.661605
784,8.743536
785,7.137625
786,7.638659
787,7.834734
788,7.608062
789,6.626564
790,8.661844
791,7.616957
792,8.548679
793,7.317778
794,7.754686
795,8.921113
796,6.85884
797,7.028285
798,7.730111
799,10.83598
800,13.047466
801,10.39097
802,6.966049
803,7.455802
804,7.255878
805,7.595844
806,6.746526
807,7.023828
808,8.445141
809,8.222861
810,6.253644
811,7.730888
812,8.519114
813,8.723395
814,8.274971
815,7.743984
816,7.542323
817,7.648385
818,6.432703
819,7.959142
820,6.562147
821,8.961659
822,8.25381
823,8.366399
824,12.562568
825,15.58033
826,10.975998
827,9.353641
828,8.475614
829,7.952515
830,7.254211
831,8.430016
832,8.110079
833,7.031641
834,8.897053
835,8.329103
836,8.827274
837,8.210003
838,10.702033
839,7.277754
840,7.787595
841,9.151505
842,10.280541
843,7.654538
844,9.792869
845,7.943798
846,9.681061
847,9.381846
848,10.667597
849,13.557464
850,14.764933
851,14.176256
852,9.087094
853,8.627754
854,9.766515
855,8.952716
856,8.800068
857,9.824982
858,9.514113
859,9.315624
860,9.096179
861,10.008197
862,10.048874
863,10.177927
864,9.703382
865,8.809635
866,9.274833
867,8.990398
868,10.804192
869,11.073808
870,19.993992
871,11.283007
872,10.556082
873,10.688663
874,13.104481
875,15.862416
876,12.478258
877,10.772366
878,9.460565
879,10.169741
880,9.250841
881,8.041908
882,9.229831
883,10.847959
884,10.535995
885,9.331575
886,9.625723
887,8.528537
888,9.895723
889,10.425265
890,8.824796
891,9.997212
892,10.219304
893,9.197389
894,9.34139
895,10.210671
896,10.272608
897,9.054239
898,10.503029
899,12.305302
900,15.543695
901,13.461676
902,9.632559
903,8.678027
904,9.097702
905,10.227187
906,8.650254
907,9.714399
908,9.70665
909,8.699138
910,9.289517
911,11.048811
912,9.684905
913,9.385859
914,8.283807
915,9.512614
916,9.715976
917,10.127545
918,10.081394
919,9.16406
920,8.587688
921,9.004335
922,9.906223
923,9.860449
924,11.940915
925,14.64104
926,12.146208
927,10.686682
928,9.946794
929,9.288731
930,8.823267
931,7.707648
932,8.324725
933,8.708934
934,9.291491
935,9.048327
936,9.181501
937,7.212478
938,7.997653
939,9.23016
940,8.552394
941,7.633554
942,9.149752
943,8.979436
944,10.018278
945,9.130925
946,8.245488
947,8.137226
948,9.107818
949,11.471566
950,12.961269
951,12.067457
952,9.447461
953,6.424514
954,8.178118
955,7.528329
956,8.396664
957,8.230476
958,9.286439
959,6.644428
960,7.225849
961,8.359399
962,7.153262
963,7.263481
964,7.500153
965,7.581274
966,7.892375
967,8.653458
968,6.99659
969,7.505545
970,7.478467
971,7.817607
972,8.460907
973,8.00584
974,10.586388
975,12.999267
976,9.707444
977,7.865384
978,7.63204
979,8.104744
980,7.598982
981,8.682461
982,6.949445
983,6.943476
984,7.982933
985,6.678372
986,7.694766
987,6.057375
988,7.798817
989,7.794793
990,7.411331
991,7.856185
992,6.981125
993,6.902604
994,8.469173
995,7.78132
996,6.945614
997,7.617159
998,8.674635
999,12.237333
1000,13.646387
1002,8.369576
1004,7.35634
1006,8.882423
1008,7.216091
1010,7.409859
1012,6.608193
1014,7.200502
1016,7.311594
1018,8.072337
1020,8.426117
1022,8.438913
1024,11.227558
1026,11.21228
1028,9.673892
1030,8.229576
1032,9.3423
1034,7.317835
1036,7.892297
1038,8.210295
1040,6.778757
1042,8.468163
1044,9.238939
1046,7.82716
1048,9.872427
1050,13.247267
1052,9.517225
1054,8.77674
1056,7.663698
1058,10.101601
1060,7.890144
1062,9.434544
1064,8.812366
1066,10.896893
1068,9.665944
1070,8.229723
1072,8.202711
1074,12.748316
1076,12.672408
1078,9.784707
1080,9.575976
1082,9.706195
1084,8.753115
1086,9.137702
1088,9.829791
1090,9.339191
1092,10.212692
1094,9.29248
1096,9.876195
1098,11.78445
1100,14.216208
1102,9.597925
1104,10.825525
1106,11.325888
1108,9.907711
1110,9.205226
1112,8.499164
1114,10.445022
1116,8.765656
1118,10.584866
1120,11.292078
1122,10.061212
1124,13.521126
1126,13.184718
1128,10.617458
1130,9.306936
1132,9.240302
1134,10.517643
1136,9.919654
1138,10.641099
1140,8.066092
1142,8.997719
1144,8.624998
1146,10.301764
1148,9.834822
1150,14.897146
1152,9.526881
1154,8.305737
1156,10.161557
1158,9.484943
1160,6.966705
1162,8.826254
1164,9.72075
1166,8.135235
1168,7.129959
1170,8.312601
1172,8.160182
1174,12.212586
1176,11.909283
1178,9.291002
1180,7.67684
1182,7.376296
1184,8.71012
1186,8.595414
1188,7.106792
1190,8.451882
1192,6.530337
1194,7.590474
1196,7.683227
1198,8.753981
1200,14.496713
1202,6.751788
1204,7.463866
1206,7.285012
1208,8.146052
1210,8.624721
1212,8.760764
1214,8.34992
1216,6.256248
1218,8.188765
1220,7.657985
1222,8.320951
1224,11.80065
1226,11.163785
1228,9.144969
1230,7.228369
1232,7.622289
1234,7.879045
1236,7.457157
1238,9.2563
1240,8.522194
1242,9.851689
1244,9.25229
1246,8.787447
1248,9.502191
1250,14.937072
1252,10.424571
1254,7.994526
1256,8.335932
1258,9.129642
1260,9.907462
1262,10.238655
1264,9.739193
1266,9.789257
1268,9.36355
1270,11.482891
1272,10.9314
1274,13.60626
1276,12.863067
1278,9.279922
1280,10.189777
1282,10.143722
1284,10.585966
1286,11.094642
1288,10.552829
1290,11.484487
1292,10.810315
1294,10.185795
1296,10.166262
1298,12.016496
1300,15.006929
1302,12.067724
1304,10.65647
1306,10.502246
1308,9.802527
1310,9.306451
1312,9.268553
1314,9.559953
1316,10.499461
1318,10.495459
1320,9.896578
1322,12.005539
1324,14.139355
1326,13.668558
1328,10.880122
1330,10.851108
1332,9.345902
1334,11.567516
1336,9.511675
1338,9.522254
1340,11.497574
1342,10.648911
1344,11.064587
1346,10.860643
1348,11.902131
1350,13.648787
1352,10.841352
1354,9.988845
1356,11.024699
1358,10.863044
1360,10.476912
1362,9.24819
1364,11.320687
1366,9.777737
1368,8.713788
1370,10.769063
1372,8.752989
1374,12.770208
1376,12.633557
1378,9.096978
1380,9.214747
1382,9.332688
1384,9.535276
1386,9.468075
1388,7.647735
1390,9.609063
1392,8.785407
1394,9.980972
1396,10.743134
1398,11.0414
1400,14.17833
1402,9.288604
1404,9.073539
1406,8.84797
1408,7.59426
1410,8.638986
1412,8.196095
1414,9.995925
1416,9.058532
1418,8.417815
1420,9.173661
1422,8.524058
1424,12.076064
1426,14.384302
1428,8.178217
1430,8.728677
1432,9.096914
1434,8.42342
1436,8.136699
1438,8.157991
1440,10.31853
1442,9.403306
1444,9.07208
1446,8.473837
1448,11.217261
1450,14.638721
1452,10.544016
1454,8.305856
1456,9.993266
1458,9.36572
1460,10.221092
1462,10.408768
1464,9.929415
1466,10.188328
1468,10.1077
1470,10.465854
1472,10.8537
1474,13.824028
1476,13.226076
1478,10.714938
1480,11.559065
1482,10.843416
1484,11.804759
1486,11.239817
1488,10.035281
1490,11.322908
1492,10.565826
1494,10.738132
1496,11.912021
1498,11.176248
1500,12.868442
1502,10.286302
1504,10.37784
1506,10.298045
1508,10.81275
1510,12.065483
1512,10.393553
1514,11.723085
1516,11.730425
1518,11.732405
1520,10.867036
1522,11.301381
1524,11.459631
1526,11.147346
1528,11.375489
1530,11.868628
1532,11.404937
1534,11.146481
1536,11.478524
1538,11.355705
1540,12.261167
1542,10.648545
1544,9.853944
1546,10.019772
1548,10.556959
1550,10.771466
1552,11.482668
1554,9.17776
1556,11.147116
1558,9.747531
1560,9.711758
1562,11.536899
1564,10.657542
1566,10.993636
1568,11.183319
1570,9.93256
1572,13.038911
1574,19.158068
1576,17.181436
1578,12.577356
1580,9.72865
1582,10.557893
1584,9.877391
1586,8.99699
1588,10.090528
1590,10.078123
1592,8.991034
1594,8.758574
1596,9.04453
1598,8.354225
1600,9.570744
1602,9.270447
1604,9.119574
1606,8.593874
1608,8.698587
1610,9.968498
1612,9.059566
1614,8.588577
1616,8.152476
1618,9.34454
1620,8.450366
1622,8.265042
1624,7.727283
1626,8.148983
1628,9.001065
1630,8.771813
1632,9.405538
1634,9.14476
1636,8.000715
1638,9.423782
1640,10.274376
1642,8.219795
1644,8.070735
1646,8.323862
1648,8.035622
1650,10.524501
1652,8.079426
1654,9.21373
1656,10.34453
1658,9.725962
1660,9.018414
1662,9.121626
1664,9.55738
1666,9.816665
1668,10.8803
1670,9.553224
1672,8.774618
1674,10.299195
1676,10.760717
1678,9.935586
1680,10.427098
1682,10.639861
1684,9.607961
1686,10.407672
1688,9.706502
1690,10.375179
1692,10.385211
1694,11.016786
1696,10.220496
1698,10.061519
1700,10.390631
1702,10.05848
1704,11.623329
1706,11.285764
1708,9.152116
1710,11.862293
1712,12.138704
1714,11.978584
1716,11.174155
1718,11.984975
1720,11.148607
1722,11.256191
1724,10.297014
1726,11.136983
1728,10.36673
1730,11.550503
1732,10.470397
1734,10.955417
1736,11.124866
1738,10.602382
1740,11.233672
1742,9.907129
1744,10.447706
1746,10.568509
1748,11.505524
1750,10.331164
1752,11.054973
1754,10.935983
1756,8.948001
1758,10.046564
1760,10.551893
1762,11.21954
1764,10.539437
1766,10.876701
1768,10.174827
1770,9.758162
1772,9.858923
1774,9.898778
1776,9.568061
1778,8.99943
1780,10.31741
1782,9.3445
1784,8.909286
1786,8.59782
1788,9.301006
1790,9.151398
1792,9.455501
1794,9.030096
1796,8.761382
1798,9.362104
1800,8.456446
1802,10.300374
1804,8.04434
1806,8.517486
1808,8.092455
1810,7.508935
1812,8.214927
1814,8.360198
1816,9.647074
1818,7.321183
1820,8.564427
1822,7.296563
1824,8.793604
1826,9.863233
1828,9.680825
1830,9.8005
1832,10.558067
1834,11.537896
1836,12.442582
1838,14.099979
1840,13.767246
1842,15.352216
1844,17.294233
1846,18.016057
1848,18.267565
1850,19.232496
1852,17.840644
1854,16.934458
1856,18.592635
1858,15.902591
1860,14.161926
1862,13.403241
1864,12.391626
1866,12.133122
1868,11.122866
1870,10.196677
1872,10.195005
1874,9.845145
1876,10.305232
1878,7.897294
1880,8.791903
1882,9.315514
1884,9.427122
1886,9.095017
1888,9.797964
1890,8.955975
1892,10.126834
1894,9.202304
1896,9.578523
1898,9.19538
1900,8.799473
1902,10.820982
1904,10.154237
1906,10.504901
1908,10.232178
1910,9.608793
1912,9.40558
1914,10.039521
1916,10.614639
1918,10.788638
1920,10.248557
1922,9.465637
1924,10.630523
1926,10.134702
1928,9.806512
1930,9.917048
1932,10.084841
1934,10.904844
1936,11.048322
1938,9.65212
1940,9.974773
1942,12.505464
1944,9.99642
1946,10.446118
1948,10.658489
1950,9.447161
1952,11.241973
1954,10.717092
1956,10.312271
1958,11.115188
1960,9.548262
1962,9.645633
1964,10.245369
1966,9.656906
1968,11.600702
1970,11.752863
1972,12.05589
1974,12.519883
1976,13.636084
1978,14.1752
1980,14.756829
1982,17.146956
1984,17.126144
1986,19.990214
1988,19.992072
1990,21.69625
1992,23.545324
1994,21.686201
1996,23.624323
1998,23.858491
2000,25.532324
2002,24.035159
2004,25.000336
2006,22.232626
2008,22.23179
2010,20.72416
2012,19.661654
2014,17.136736
2016,16.217713
2018,13.840961
2020,13.5408
2022,11.135861
2024,10.450046
2026,10.52696
2028,9.480256
2030,10.296444
2032,7.754167
2034,8.466539
2036,8.342995
2038,7.838841
2040,7.429339
2042,7.987088
2044,8.149006
2046,7.547512
2048,8.36908
2050,7.189433
2052,8.749946
2054,7.866338
2056,7.722313
2058,6.436294
2060,7.031648
2062,7.945129
2064,7.354456
2066,7.717731
2068,7.461925
2070,8.101019
2072,7.388381
2074,8.375575
2076,8.029838
2078,9.411991
2080,7.975357
2082,9.305418
2084,7.353474
2086,8.414272
2088,8.398847
2090,9.382121
2092,8.639222
2094,9.007507
2096,8.827121
2098,7.556059
2100,9.980208
2102,9.757658
2104,8.466585
2106,9.13477
2108,9.647064
2110,9.479957
2112,9.297537
2114,8.688418
2116,9.162897
2118,9.315217
2120,9.743088
2122,9.004832
2124,9.228793
2126,8.942122
2128,8.48278
2130,10.95473
2132,9.759335
2134,9.994929
2136,9.346501
2138,10.258673
2140,9.844746
2142,10.570866
2144,9.424374
2146,9.754323
2148,8.939856
2150,10.139082
2152,9.737451
2154,10.463432
2156,10.48873
2158,9.621992
2160,10.590855
2162,7.808556
2164,9.324863
2166,9.76402
2168,10.155302
2170,9.897223
2172,9.699131
2174,9.102575
2176,8.924203
2178,11.0649
2180,9.723903
2182,9.921607
2184,8.516479
2186,9.014817
2188,9.617646
2190,8.707902
2192,8.982163
2194,8.34079
2196,8.839549
2198,7.434536
2200,8.146687
2202,7.464865
2204,8.630469
2206,9.023768
2208,7.643676
2210,6.449169
2212,8.322862
2214,7.863915
2216,7.746294
2218,7.323408
2220,6.474379
2222,8.770859
2224,7.87737
2226,7.348793
2228,7.700738
2230,8.052908
2232,6.226793
2234,7.380491
2236,6.79273
2238,6.364209
2240,6.877239
2242,6.835696
2244,7.096615
2246,6.782778
2248,6.902759
2250,7.083906
2252,7.158639
2254,6.584514
2256,7.938842
2258,8.055402
2260,8.105382
2262,6.841164
2264,8.256426
2266,8.56933
2268,7.286371
2270,6.488456
2272,9.747777
2274,7.713291
2276,8.320402
2278,7.559394
2280,8.658187
2282,6.963984
2284,7.097163
2286,8.395254
2288,7.628306
2290,6.569685
2292,7.7896
2294,7.730032
2296,8.799677
2298,8.744584
2300,8.751617
2302,8.535843
2304,8.944788
2306,8.242622
2308,8.266478
2310,8.19443
2312,7.980774
2314,9.902449
2316,10.019858
2318,9.415108
2320,8.970106
2322,9.213818
2324,9.09179
2326,10.398171
2328,10.027705
2330,10.556498
2332,8.998804
2334,9.489809
2336,8.713247
2338,8.830604
2340,9.735303
2342,9.106838
2344,8.941458
2346,8.699411
2348,9.77457
2350,9.6659
2352,10.23327
2354,9.924714
2356,9.19434
2358,9.532063
2360,9.642512
2362,11.063499
2364,9.879418
2366,9.665687
2368,9.166985
2370,9.010289
2372,10.696532
2374,11.120957
2376,8.917724
2378,9.45633
2380,9.862459
2382,9.168852
2384,10.378245
2386,10.67686
2388,9.42997
2390,10.969652
2392,9.883828
2394,9.665196
2396,9.723383
2398,8.932978
2400,10.878196
2402,10.172525
2404,9.766045
2406,10.817899
2408,9.648519
2410,10.538233
2412,10.241053
2414,11.529746
2416,12.182864
2418,13.769878
2420,15.076791
2422,17.29097
2424,18.211654
2426,20.430253
2428,23.762787
2430,26.322661
2432,30.355157
2434,32.004426
2436,34.067967
2438,35.840208
2440,36.579524
2442,36.876495
2444,34.302398
2446,31.246869
2448,30.377788
2450,26.109664
2452,22.89602
2454,20.925709
2456,16.776597
2458,15.935866
2460,14.127709
2462,12.75369
2464,10.691772
2466,11.010384
2468,10.328554
2470,9.401948
2472,9.910292
2474,7.322384
2476,8.791433
2478,8.509462
2480,8.336607
2482,9.165872
2484,9.263323
2486,7.822684
2488,8.701119
2490,8.613492
2492,8.653413
2494,9.42799
2496,7.985893
2498,8.943673
2500,8.063904
2502,9.541516
2504,7.645048
2506,8.695476
2508,10.027958
2510,10.347055
2512,8.97589
2514,9.359551
2516,9.861048
2518,9.66833
2520,9.768428
2522,9.570957
2524,10.984384
2526,8.488398
2528,9.81933
2530,10.106786
2532,9.65222
2534,9.376658
2536,9.781298
2538,9.848399
2540,9.54277
2542,10.170726
2544,9.94516
2546,10.108647
2548,11.88889
2550,10.25479
2552,11.494231
2554,11.16473
2556,11.250662
2558,10.45364
2560,10.456461
2562,10.188238
2564,10.778651
2566,11.266843
2568,10.911332
2570,11.155113
2572,10.940919
2574,10.618345
2576,9.951155
2578,10.295648
2580,11.559403
2582,10.758745
2584,10.207937
2586,11.008675
2588,10.745942
2590,9.75328
2592,10.456183
2594,9.961387
2596,10.146356
2598,10.351316
2600,10.163075
2602,11.988168
2604,9.823629
2606,10.053064
2608,10.516599
2610,10.019742
2612,9.289426
2614,10.395203
2616,10.242233
2618,9.653199
2620,9.447135
2622,10.416292
2624,10.021296
2626,9.112523
2628,9.158238
2630,8.246989
2632,8.948124
2634,9.335116
2636,9.660712
2638,8.266119
2640,9.18669
2642,9.187946
2644,8.475809
2646,9.400053
2648,8.363161
2650,8.042495
2652,9.040458
2654,8.787997
2656,8.373214
2658,9.645666
2660,8.556774
2662,8.123001
2664,7.72351
2666,8.821603
2668,9.286956
2670,8.908997
2672,9.784435
2674,7.028317
2676,9.634588
2678,9.053075
2680,8.801662
2682,9.372046
2684,8.516719
2686,8.249306
2688,8.828441
2690,10.275297
2692,9.608967
2694,9.036244
2696,9.668366
2698,8.922739
2700,10.583517
2702,10.603727
2704,9.615016
2706,8.66546
2708,10.160136
2710,9.987078
2712,10.175518
2714,10.807033
2716,9.63885
2718,9.34133
2720,11.072231
2722,10.077332
2724,10.378774
2726,10.819798
2728,10.256977
2730,10.50725
2732,10.229837
2734,10.133788
2736,10.029791
2738,10.228843
2740,10.067035
2742,11.25548
2744,10.969781
2746,10.818279
2748,10.981834
2750,11.238969
2752,11.385385
2754,12.705984
2756,10.598846
2758,10.823433
2760,11.223133
2762,10.1185
2764,11.965912
2766,11.078933
2768,11.063739
2770,12.363168
2772,9.93673
2774,11.201772
2776,10.464455
2778,10.433742
2780,11.305983
2782,11.437403
2784,11.466072
2786,12.359803
2788,11.213451
2790,11.13846
2792,11.477681
2794,11.0554
2796,11.260344
2798,8.318125
2800,10.813423
2802,10.74402
2804,10.302825
2806,10.631065
2808,11.747551
2810,9.296997
2812,12.781997
2814,11.3533
2816,10.992982
2818,11.698229
2820,10.163549
2822,9.478576
2824,11.165656
2826,8.911332
2828,9.767095
2830,11.040307
2832,10.024837
2834,8.866003
2836,9.793416
2838,9.918621
2840,8.958769
2842,7.598259
2844,8.896052
2846,9.568069
2848,10.402005
2850,11.065214
2852,9.859597
2854,8.910328
2856,8.912333
2858,9.979291
2860,9.187678
2862,8.869663
2864,9.359982
2866,10.035445
2868,10.783023
2870,8.864267
2872,9.775076
2874,9.443178
2876,8.339689
2878,7.082317
2880,9.365797
2882,8.461019
2884,9.842302
2886,9.157473
2888,9.885675
2890,8.919754
2892,9.192824
2894,8.17208
2896,9.203121
2898,8.72606
2900,9.942095
2902,9.76061
2904,9.841263
2906,9.271821
2908,9.524265
2910,10.063603
2912,10.134162
2914,8.938901
2916,9.848092
2918,9.109975
2920,10.53764
2922,11.766193
2924,8.968971
2926,7.763713
2928,9.982777
2930,9.579697
2932,9.503183
2934,9.810864
2936,10.404944
2938,11.354832
2940,10.749283
2942,10.357826
2944,12.212439
2946,9.571855
2948,9.215656
2950,12.370414
2952,10.496208
2954,10.756266
2956,9.365741
2958,9.647153
2960,10.980868
2962,10.597783
2964,9.702762
2966,10.105817
2968,11.337613
2970,11.997549
2972,10.852797
2974,12.928217
2976,11.813725
2978,12.417939
2980,12.015711
2982,12.272761
2984,10.268378
2986,9.878518
2988,10.534628
2990,11.259997
2992,11.873872
2994,10.916927
2996,10.615935
2998,11.623607
3000,11.300214
3005,11.093584
3010,10.991551
3015,8.664953
3020,10.883893
3025,9.458314
3030,9.378212
3035,10.496374
3040,10.342634
3045,9.939735
3050,9.570897
3055,8.457718
3060,8.566826
3065,8.258725
3070,10.148007
3075,9.534131
3080,8.427486
3085,8.984086
3090,8.252213
3095,7.704627
3100,8.772642
3105,8.723416
3110,8.450378
3115,7.403417
3120,9.158464
3125,8.366467
3130,8.635399
3135,9.044767
3140,9.030674
3145,9.051055
3150,9.805781
3155,9.845313
3160,10.425274
3165,10.055165
3170,10.698608
3175,10.585562
3180,11.082991
3185,11.462678
3190,10.178334
3195,9.730264
3200,10.19982
3205,10.375482
3210,10.011041
3215,9.829047
3220,8.439795
3225,9.17079
3230,9.708391
3235,10.147845
3240,7.860204
3245,9.095553
3250,8.759544
3255,7.707848
3260,8.493034
3265,8.666278
3270,8.32018
3275,8.203677
3280,9.084091
3285,7.640514
3290,7.436999
3295,8.037439
3300,6.739114
3305,7.739195
3310,8.646344
3315,7.57031
3320,8.040592
3325,9.106474
3330,7.893014
3335,8.394865
3340,8.44066
3345,9.077068
3350,8.488546
3355,8.908422
3360,9.535845
3365,9.484825
3370,8.575742
3375,9.249741
3380,8.613143
3385,10.34724
3390,10.945608
3395,9.246549
3400,8.602725
3405,9.844441
3410,9.627213
3415,9.324396
3420,8.999726
3425,8.624253
3430,8.328661
3435,9.41627
3440,8.643021
3445,9.208284
3450,9.454933
3455,7.051459
3460,6.842191
3465,7.974271
3470,8.509288
3475,6.787783
3480,7.531608
3485,7.368738
3490,7.622107
3495,6.804486
3500,9.083311
3505,6.970038
3510,7.288834
3515,6.921565
3520,5.733013
3525,8.801103
3530,5.700045
3535,8.716562
3540,6.937323
3545,7.463131
3550,8.310868
3555,10.018873
3560,8.805361
3565,8.926839
3570,8.579154
3575,9.48678
3580,9.369299
3585,10.198134
3590,8.624382
3595,10.116588
3600,9.531756
3605,8.912707
3610,9.299658
3615,9.475322
3620,9.7389
3625,9.778609
3630,9.1528
3635,8.78038
3640,10.53268
3645,8.836249
3650,8.984884
3655,9.17824
3660,9.261072
3665,9.739055
3670,8.819708
3675,9.346299
3680,7.932933
3685,8.963913
3690,8.147729
3695,7.992295
3700,8.402799
3705,8.098119
3710,6.88156
3715,7.091614
3720,9.256466
3725,8.512058
3730,8.480138
3735,8.598247
3740,7.855924
3745,6.239123
3750,8.982113
3755,8.186908
3760,9.583763
3765,8.783975
3770,8.883843
3775,10.495372
3780,9.544917
3785,10.045948
3790,10.0414
3795,9.918212
3800,10.99268
3805,10.048791
3810,10.939252
3815,10.33177
3820,10.268026
3825,11.019367
3830,11.024923
3835,10.861588
3840,10.791804
3845,9.723765
3850,10.33036
3855,9.038086
3860,10.661524
3865,8.982355
3870,10.421655
3875,10.126275
3880,9.202271
3885,9.40799
3890,9.915877
3895,8.628946
3900,9.030294
3905,8.518509
3910,8.910989
3915,7.615435
3920,9.249286
3925,9.45823
3930,9.546753
3935,8.419
3940,9.086816
3945,9.912457
3950,8.453119
3955,9.357023
3960,9.152368
3965,9.796204
3970,9.525196
3975,10.144032
3980,10.723621
3985,11.761803
3990,9.538129
3995,10.046779
4000,11.829422
4005,12.472689
4010,10.596399
4015,9.446597
4020,10.828478
4025,11.805749
4030,11.684434
4035,11.969993
4040,12.624292
4045,10.746659
4050,10.732328
4055,10.312285
4060,11.346965
4065,11.769981
4070,11.281643
4075,11.021233
4080,10.10437
4085,10.238753
4090,11.051676
4095,9.191164
4100,9.600923
4105,9.292183
4110,9.56466
4115,9.977323
4120,8.311805
4125,10.697013
4130,8.331554
4135,8.295214
4140,8.696925
4145,9.55311
4150,9.62619
4155,9.499848
4160,8.240087
4165,7.986197
4170,8.740888
4175,9.953199
4180,8.760301
4185,10.015572
4190,10.157265
4195,9.236237
4200,9.298659
4205,9.578587
4210,9.996224
4215,11.072707
4220,12.821893
4225,11.830358
4230,10.682533
4235,9.251036
4240,11.234865
4245,12.276734
4250,11.124175
4255,10.813043
4260,11.561359
4265,12.109326
4270,12.170404
4275,9.432622
4280,10.635697
4285,9.284053
4290,9.434483
4295,8.777035
4300,9.351783
4305,9.103831
4310,9.907521
4315,9.346568
4320,8.393345
4325,9.027118
4330,8.912399
4335,8.39145
4340,8.17686
4345,8.16283
4350,8.300054
4355,7.659566
4360,7.402494
4365,8.232593
4370,9.445802
4375,7.858286
4380,7.135372
4385,8.922934
4390,9.600791
4395,7.833531
4400,9.883374
4405,10.073251
4410,10.334427
4415,10.087421
4420,10.426948
4425,9.525645
4430,10.619111
4435,11.04125
4440,10.456262
4445,10.431421
4450,9.430204
4455,11.320628
4460,9.855385
4465,11.700477
4470,9.960754
4475,10.357613
4480,9.205892
4485,10.712363
4490,8.179637
4495,9.30373
4500,7.534958
4505,8.429357
4510,9.82633
4515,8.697166
4520,7.326787
4525,7.52195
4530,7.569525
4535,8.607585
4540,8.724163
4545,8.809098
4550,7.596676
4555,7.907781
4560,7.277136
4565,7.812952
4570,7.921585
4575,7.388723
4580,7.338655
4585,9.036149
4590,8.063407
4595,7.629229
4600,8.102817
4605,8.358813
4610,8.938223
4615,9.066195
4620,8.644364
4625,10.286669
4630,10.857847
4635,10.593124
4640,8.69363
4645,9.719219
4650,9.60391
4655,9.97296
4660,8.863367
4665,9.759031
4670,9.745626
4675,9.370601
4680,10.110681
4685,9.543428
4690,8.850052
4695,8.975395
4700,8.607872
4705,9.902655
4710,8.824153
4715,9.289781
4720,7.758514
4725,7.71638
4730,7.650587
4735,7.424503
4740,8.212029
4745,8.027223
4750,7.208663
4755,6.950808
4760,7.111165
4765,7.059702
4770,7.310563
4775,8.314226
4780,7.456681
4785,7.308182
4790,9.119861
4795,6.672016
4800,7.274579
4805,9.346488
4810,8.264425
4815,9.471323
4820,9.779151
4825,7.92841
4830,8.378495
4835,9.942155
4840,9.738775
4845,9.29264
4850,9.054499
4855,9.248258
4860,10.382547
4865,10.380493
4870,9.888415
4875,10.153275
4880,9.766935
4885,9.715608
4890,9.741032
4895,9.894335
4900,10.650571
4905,9.43285
4910,9.053701
4915,9.190885
4920,8.941795
4925,7.791702
4930,8.440024
4935,9.505997
4940,8.164843
4945,8.379632
4950,7.431995
4955,7.157638
4960,7.576064
4965,8.932134
4970,7.260163
4975,7.763551
4980,7.720496
4985,7.795668
4990,8.168603
4995,7.965381
5000,8.361066
5005,8.585225
5010,8.986884
5015,9.567612
5020,10.032767
5025,10.902663
5030,10.360324
5035,11.554497
5040,11.361523
5045,12.96217
5050,12.042785
5055,12.888301
5060,13.445838
5065,13.913124
5070,15.193226
5075,15.084497
5080,16.859103
5085,17.453249
5090,19.677762
5095,19.273644
5100,20.035754
5105,21.57666
5110,22.921822
5115,23.749415
5120,25.557796
5125,26.55842
5130,28.081967
5135,30.065554
5140,31.826579
5145,32.73134
5150,33.299273
5155,35.742097
5160,37.73026
5165,39.025619
5170,39.22047
5175,41.620452
5180,41.524305
5185,43.577004
5190,44.399886
5195,44.450132
5200,44.681412
5205,43.804597
5210,43.110148
5215,42.98251
5220,42.597895
5225,42.082415
5230,39.959978
5235,38.861434
5240,39.472451
5245,38.118497
5250,36.062778
5255,34.818606
5260,33.346652
5265,31.494213
5270,28.847104
5275,28.958743
5280,26.987595
5285,24.525652
5290,24.04944
5295,22.018947
5300,21.717703
5305,19.371022
5310,18.704754
5315,17.718547
5320,15.669014
5325,16.026892
5330,14.762511
5335,13.024517
5340,13.420379
5345,13.277349
5350,11.754119
5355,11.189049
5360,10.059338
5365,9.098852
5370,11.479729
5375,10.027455
5380,10.812118
5385,9.335041
5390,9.032749
5395,9.204255
5400,8.693202
5405,9.822825
5410,8.647267
5415,8.359511
5420,9.334514
5425,9.076239
5430,8.501537
5435,9.149169
5440,9.365825
5445,9.992921
5450,9.483948
5455,10.308353
5460,10.572264
5465,11.819126
5470,11.328551
5475,11.404609
5480,10.881855
5485,10.357214
5490,11.687678
5495,10.437089
5500,10.977119
5505,10.870676
5510,10.284081
5515,10.599261
5520,11.709541
5525,9.757942
5530,10.613135
5535,9.964392
5540,9.871661
5545,10.132503
5550,9.804626
5555,9.071121
5560,10.017025
5565,10.221663
5570,8.730112
5575,9.005778
5580,7.693749
5585,9.048434
5590,7.224579
5595,8.693642
5600,7.972704
5605,8.206337
5610,7.589408
5615,8.219934
5620,8.627455
5625,9.009164
5630,8.244429
5635,9.206029
5640,9.55711
5645,9.479405
5650,9.137013
5655,8.95918
5660,8.984969
5665,9.36992
5670,9.245628
5675,8.711622
5680,9.90317
5685,10.550809
5690,10.210557
5695,11.327196
5700,9.23293
5705,9.666092
5710,9.039976
5715,10.928756
5720,9.614037
5725,9.766838
5730,9.606182
5735,9.162743
5740,8.967667
5745,11.183075
5750,10.073929
5755,9.179104
5760,8.23943
5765,8.863454
5770,9.095589
5775,8.54262
5780,9.235473
5785,9.240573
5790,7.9688
5795,7.608089
5800,7.29344
5805,7.634243
5810,8.025279
5815,7.771911
5820,6.182797
5825,8.027719
5830,7.456925
5835,7.394886
5840,6.5988
5845,8.578324
5850,8.52495
5855,7.493481
5860,9.500546
5865,9.734007
5870,12.304822
5875,18.557037
5880,30.398588
5885,39.963493
5890,43.46381
5895,39.038415
5900,31.465736
5905,19.909889
5910,13.437193
5915,11.112094
5920,10.485965
5925,9.369011
5930,8.422999
5935,9.408487
5940,9.638688
5945,9.971101
5950,7.980591
5955,8.047948
5960,8.389616
5965,8.644364
5970,10.434153
5975,7.669679
5980,8.270275
5985,7.465626
5990,10.232076
5995,6.970022
6000,7.199688
